rating_diff,square,count
54,white,queen,57,2
54,white,queen,58,3
54,white,queen,56,2
54,white,queen,63,2
54,white,queen,60,1
54,black,queen,3,2
54,black,queen,6,2
54,black,queen,0,2
54,black,queen,7,1
54,black,queen,4,1
54,black,queen,2,3
54,black,queen,5,1
172,white,queen,57,1
172,white,queen,62,1
172,white,rook,63,1
172,black,queen,7,1
206,white,queen,60,2
206,white,queen,62,1
206,white,queen,56,1
206,black,queen,4,1
206,black,queen,3,1
206,black,queen,1,1
263,white,queen,57,1
263,black,queen,2,1
157,white,queen,63,2
157,white,queen,62,1
157,white,queen,56,1
157,black,queen,6,1
157,black,queen,7,2
222,white,rook,60,1
222,white,queen,57,1
222,white,queen,62,1
222,black,queen,0,3
222,black,queen,4,2
222,black,queen,1,1
259,white,queen,56,1
259,white,queen,57,1
259,white,queen,61,1
259,white,queen,62,1
259,white,queen,63,1
259,black,queen,3,1
259,black,queen,0,1
259,black,queen,5,1
66,white,queen,56,3
66,white,queen,62,2
66,white,queen,63,1
66,black,queen,0,2
66,black,queen,5,1
66,black,queen,3,1
66,black,queen,7,1
149,white,queen,63,1
149,white,queen,62,1
149,white,queen,60,1
149,black,queen,5,3
149,black,queen,6,1
149,black,queen,2,1
149,black,queen,1,1
149,black,queen,7,1
73,white,queen,58,1
73,black,queen,7,2
73,black,queen,1,1
73,black,queen,4,1
73,black,queen,0,3
34,white,queen,62,4
34,white,queen,56,3
34,white,queen,57,3
34,white,queen,61,2
34,white,queen,63,1
34,white,queen,60,3
34,white,queen,59,1
34,white,rook,61,1
34,black,queen,7,2
34,black,queen,5,1
34,black,queen,2,2
34,black,queen,4,3
34,black,queen,6,1
11,white,queen,58,3
11,white,queen,60,1
11,white,queen,63,1
11,white,bishop,56,1
11,white,bishop,63,1
11,white,bishop,57,1
11,black,queen,3,2
11,black,queen,0,1
11,black,queen,5,2
11,black,queen,4,1
11,black,queen,1,1
252,black,queen,6,1
252,black,queen,1,1
252,black,queen,0,1
252,black,queen,7,1
3,white,queen,56,5
3,white,queen,59,2
3,white,queen,60,1
3,white,queen,61,2
3,white,queen,57,3
3,white,queen,62,2
3,black,queen,3,1
3,black,queen,1,3
3,black,queen,4,1
3,black,queen,0,2
67,white,queen,58,4
67,white,queen,61,1
67,white,queen,56,1
67,black,queen,0,1
67,black,queen,6,1
67,black,queen,7,1
23,white,queen,56,1
23,white,queen,63,3
23,white,queen,60,1
23,white,queen,61,1
23,white,queen,58,1
23,white,queen,62,1
23,black,queen,2,3
23,black,queen,5,1
23,black,queen,4,1
23,black,queen,0,3
23,black,queen,1,1
23,black,queen,7,1
23,black,queen,6,1
31,white,queen,62,2
31,white,queen,59,3
31,white,queen,57,1
31,black,queen,3,1
31,black,queen,0,4
31,black,queen,6,1
31,black,queen,2,1
31,black,queen,5,1
30,white,queen,62,2
30,white,queen,56,2
30,white,queen,63,1
30,white,queen,57,1
30,white,queen,58,1
30,black,queen,0,3
30,black,queen,3,2
30,black,queen,1,2
30,black,queen,2,1
30,black,queen,7,1
30,black,queen,5,1
27,white,queen,62,1
27,white,queen,56,4
27,white,queen,63,1
27,white,queen,59,2
27,white,queen,58,1
27,white,queen,57,1
27,black,queen,1,1
27,black,queen,2,1
27,black,queen,0,2
27,black,queen,7,3
27,black,queen,4,1
72,white,queen,60,1
72,white,queen,59,1
72,black,queen,1,3
72,black,queen,7,1
72,black,queen,0,1
72,black,queen,3,1
7,white,queen,56,1
7,white,queen,58,3
7,white,queen,57,1
7,white,queen,59,1
7,white,queen,63,1
7,black,queen,6,1
7,black,queen,7,1
7,black,queen,1,1
7,black,queen,3,2
7,black,queen,5,1
7,black,queen,0,1
26,white,queen,63,4
26,white,queen,58,1
26,white,queen,56,2
26,white,queen,57,1
26,white,queen,62,1
26,white,queen,61,2
26,white,queen,60,1
26,black,queen,4,1
26,black,queen,3,2
26,black,queen,7,3
26,black,queen,2,3
26,black,queen,5,1
26,black,queen,0,1
16,white,queen,62,1
16,white,queen,63,4
16,white,queen,57,1
16,white,queen,56,1
16,white,queen,59,1
16,white,queen,58,2
16,white,queen,61,2
16,white,queen,60,1
16,white,rook,58,1
16,black,queen,6,4
16,black,queen,2,3
16,black,queen,1,2
16,black,queen,7,1
16,black,queen,0,1
337,white,queen,58,1
337,white,queen,62,1
337,black,queen,0,6
337,black,queen,2,1
56,white,queen,63,5
56,white,queen,58,1
56,white,queen,61,3
56,white,queen,62,1
56,white,queen,57,1
56,white,queen,56,1
56,black,queen,5,3
56,black,queen,3,4
56,black,queen,7,2
56,black,queen,2,1
56,black,queen,1,1
142,white,queen,57,1
142,black,queen,1,4
142,black,queen,0,1
142,black,queen,3,1
142,black,queen,2,1
517,black,queen,7,4
205,white,queen,62,4
205,black,queen,2,2
205,black,queen,4,1
205,black,queen,7,1
205,black,queen,0,1
69,white,queen,56,5
69,white,queen,63,3
69,white,queen,60,1
69,white,queen,59,1
69,white,queen,61,3
69,white,queen,58,1
69,black,queen,2,1
69,black,queen,7,1
484,white,queen,58,1
484,black,queen,1,4
484,black,queen,0,4
166,white,queen,58,1
166,white,queen,63,1
166,white,queen,61,1
166,black,queen,1,3
166,black,queen,6,1
166,black,queen,7,2
166,black,queen,4,1
404,white,queen,56,1
404,white,queen,57,1
376,white,queen,57,1
376,white,queen,60,1
376,black,queen,0,1
376,black,queen,5,1
376,black,queen,7,1
2,white,queen,59,1
2,white,queen,60,2
2,white,queen,57,2
2,white,queen,61,1
2,white,queen,56,3
2,white,queen,63,2
2,white,bishop,59,1
2,black,queen,1,5
2,black,queen,7,1
2,black,queen,4,2
2,black,queen,0,2
2,black,queen,6,2
2,black,queen,2,2
10,white,knight,58,1
10,white,queen,62,1
10,white,queen,59,1
10,white,queen,60,1
10,white,queen,56,1
10,white,queen,58,1
10,black,queen,0,2
10,black,queen,5,1
10,black,queen,7,2
10,black,queen,1,1
10,black,queen,2,2
49,white,queen,63,2
49,white,queen,62,2
49,white,queen,60,2
49,white,queen,58,1
49,black,queen,1,2
49,black,queen,6,3
49,black,queen,0,4
49,black,queen,7,1
49,black,queen,5,1
1,white,queen,56,2
1,white,queen,57,2
1,white,queen,63,3
1,white,queen,61,2
1,white,queen,58,2
1,white,queen,59,1
1,black,queen,3,2
1,black,queen,2,3
1,black,queen,1,2
1,black,queen,6,2
1,black,queen,7,2
1,black,queen,0,1
1,black,queen,5,1
46,white,queen,57,3
46,white,queen,56,2
46,white,queen,62,2
46,white,queen,59,1
46,white,rook,58,1
46,black,queen,4,1
46,black,queen,6,2
46,black,queen,0,1
46,black,queen,7,1
101,white,queen,61,3
101,white,queen,56,2
101,white,queen,63,1
101,white,queen,57,1
101,white,queen,60,1
101,black,queen,2,2
101,black,queen,6,1
101,black,queen,1,2
101,black,queen,3,2
101,black,queen,5,1
50,white,queen,60,2
50,white,queen,56,1
50,white,queen,62,2
50,white,queen,63,1
50,black,queen,6,3
50,black,queen,2,1
50,black,queen,3,1
50,black,queen,0,1
155,white,queen,57,1
155,white,queen,58,3
155,white,queen,63,1
155,black,queen,0,1
155,black,queen,3,1
24,white,queen,60,1
24,white,queen,63,2
24,white,queen,57,3
24,white,queen,62,2
24,white,queen,56,1
24,black,queen,5,3
24,black,queen,3,1
24,black,queen,2,3
24,black,queen,4,1
24,black,rook,6,1
5,white,queen,57,2
5,white,queen,56,1
5,white,queen,59,1
5,white,queen,63,1
5,black,queen,2,2
5,black,queen,0,3
5,black,queen,3,3
5,black,queen,1,2
5,black,queen,7,3
5,black,queen,5,2
5,black,queen,6,2
130,white,queen,63,1
130,white,queen,61,1
130,white,queen,57,1
130,white,queen,58,1
130,black,queen,5,1
130,black,queen,4,1
130,black,rook,0,1
130,black,rook,2,2
105,white,queen,59,1
105,white,queen,56,1
105,black,queen,4,1
105,black,queen,1,1
105,black,queen,5,1
105,black,queen,0,1
105,black,queen,2,1
13,white,queen,62,1
13,white,queen,59,1
13,white,queen,56,4
13,white,queen,58,2
13,white,queen,63,3
13,white,queen,61,1
13,white,queen,57,1
13,black,queen,7,4
13,black,queen,1,2
13,black,queen,4,2
13,black,queen,3,1
13,black,queen,2,1
0,white,queen,61,5
0,white,queen,60,2
0,white,queen,57,1
0,white,queen,62,1
0,white,queen,63,2
0,white,queen,58,1
0,white,queen,59,1
0,white,queen,56,2
0,black,queen,2,2
0,black,queen,6,2
0,black,queen,1,5
0,black,queen,7,2
0,black,queen,3,2
0,black,queen,4,3
0,black,queen,0,4
0,black,queen,5,2
414,white,queen,63,1
414,white,queen,61,1
20,white,queen,60,1
20,white,queen,61,2
20,white,queen,63,1
20,white,queen,57,2
20,white,queen,56,2
20,white,queen,59,1
20,black,queen,2,1
20,black,queen,0,2
20,black,queen,3,1
20,black,queen,7,1
178,white,queen,57,2
178,black,queen,7,1
178,black,queen,1,1
178,black,queen,5,1
178,black,queen,0,2
275,white,queen,60,1
275,white,queen,56,1
275,white,queen,62,1
146,white,queen,57,1
146,white,queen,58,1
146,white,queen,61,1
146,white,queen,62,1
146,black,queen,3,2
146,black,bishop,3,1
61,white,queen,58,1
61,white,queen,62,2
61,white,queen,57,3
61,white,queen,60,3
61,white,queen,56,1
61,white,queen,59,1
61,white,rook,56,1
61,black,queen,2,5
61,black,queen,5,2
61,black,queen,4,1
61,black,queen,7,1
61,black,queen,0,2
61,black,queen,1,1
32,white,queen,61,1
32,white,queen,62,1
32,white,queen,63,3
32,white,queen,57,1
32,white,queen,56,1
32,black,rook,1,1
32,black,queen,0,1
32,black,queen,2,2
398,black,queen,3,1
398,black,queen,0,1
65,white,queen,56,2
65,white,queen,63,1
65,white,queen,61,1
65,white,queen,58,1
65,black,queen,2,1
65,black,queen,0,3
65,black,queen,7,2
234,white,queen,63,1
234,white,queen,62,1
234,white,queen,56,1
234,black,bishop,0,1
234,black,queen,3,2
234,black,queen,4,1
234,black,queen,1,1
207,white,queen,60,2
207,white,queen,61,2
207,white,queen,63,1
207,black,queen,7,2
207,black,queen,1,1
207,black,rook,6,1
94,white,queen,60,1
94,white,queen,63,1
94,white,queen,58,2
94,black,queen,0,2
94,black,queen,5,3
94,black,queen,3,1
94,black,queen,7,1
94,black,queen,1,1
277,white,queen,63,2
277,white,queen,62,1
277,white,queen,60,1
277,black,queen,3,1
588,white,queen,59,1
588,white,queen,56,1
588,black,queen,0,1
270,white,queen,61,1
270,white,queen,57,1
270,white,queen,63,1
270,black,queen,4,1
270,black,queen,7,1
270,black,queen,0,1
270,black,queen,3,1
91,white,queen,62,1
91,white,queen,58,1
91,black,queen,3,1
91,black,queen,7,2
91,black,queen,6,1
91,black,queen,5,2
91,black,queen,2,1
39,white,queen,58,2
39,white,queen,63,3
39,white,queen,59,3
39,white,queen,56,3
39,white,queen,62,3
39,white,queen,57,1
39,black,queen,6,2
39,black,queen,5,2
39,black,queen,7,2
39,black,queen,0,2
39,black,queen,4,1
39,black,queen,1,1
129,white,queen,61,2
129,white,queen,60,2
129,white,queen,63,1
129,white,queen,56,1
129,black,queen,0,1
129,black,queen,6,1
129,black,queen,1,1
117,white,knight,57,1
117,white,queen,58,1
117,black,queen,1,1
140,white,queen,60,1
140,white,queen,63,1
140,white,queen,61,1
140,black,queen,3,1
140,black,queen,0,1
140,black,queen,2,1
92,white,queen,62,1
92,white,queen,63,2
92,white,queen,56,2
92,black,queen,5,1
92,black,queen,0,1
92,black,queen,2,1
92,black,queen,6,1
51,white,queen,62,1
51,white,queen,63,2
51,white,queen,59,3
51,white,queen,60,1
51,white,queen,61,1
51,white,knight,59,1
51,black,queen,4,1
51,black,queen,2,2
51,black,queen,3,1
51,black,queen,6,2
37,white,queen,61,1
37,white,queen,59,1
37,white,queen,60,1
37,black,queen,0,4
37,black,queen,4,1
37,black,queen,2,1
37,black,queen,5,1
37,black,queen,6,1
37,black,knight,7,1
37,black,knight,5,1
37,black,bishop,6,1
78,white,queen,62,1
78,white,queen,63,2
78,white,queen,61,2
78,white,queen,58,1
78,white,queen,57,1
78,black,queen,0,1
78,black,queen,2,1
492,black,queen,0,2
351,white,queen,56,1
351,black,queen,4,1
241,white,queen,62,1
241,black,queen,4,1
241,black,queen,0,1
15,white,queen,62,1
15,white,queen,56,5
15,white,queen,59,2
15,white,queen,63,1
15,black,queen,7,1
15,black,queen,6,3
15,black,queen,0,2
15,black,queen,4,2
15,black,queen,2,3
15,black,queen,1,2
445,white,queen,56,1
445,white,queen,60,1
445,white,rook,62,1
322,white,queen,58,1
322,black,queen,0,1
322,black,queen,5,2
219,white,queen,56,1
219,white,queen,58,1
219,white,queen,57,1
219,white,queen,60,1
219,white,bishop,56,1
21,white,queen,61,2
21,white,queen,57,1
21,white,queen,58,1
21,white,queen,56,3
21,white,queen,60,2
21,white,queen,62,2
21,black,queen,3,4
21,black,queen,5,2
21,black,queen,1,2
21,black,queen,6,1
21,black,queen,0,1
21,black,queen,4,3
21,black,queen,7,1
309,white,queen,57,2
309,white,queen,63,1
309,white,queen,59,1
309,black,queen,2,2
309,black,queen,0,1
25,white,queen,62,2
25,white,queen,63,5
25,white,queen,58,1
25,white,queen,56,1
25,white,queen,57,2
25,white,queen,59,1
25,black,queen,5,1
25,black,queen,4,1
25,black,queen,3,1
25,black,queen,2,4
25,black,queen,0,1
25,black,queen,6,1
25,black,knight,1,1
184,white,queen,61,2
184,white,queen,62,2
184,white,queen,63,1
184,black,queen,7,1
184,black,queen,6,1
48,white,queen,61,3
48,white,queen,63,6
48,white,queen,60,1
48,white,queen,56,2
48,white,queen,57,1
48,black,queen,0,2
48,black,queen,7,2
473,white,queen,56,1
200,white,queen,56,1
200,white,queen,59,1
200,white,queen,60,1
200,black,queen,0,1
200,black,queen,4,1
200,black,queen,7,1
200,black,queen,1,1
200,black,rook,3,1
161,black,queen,2,1
161,black,queen,0,2
161,black,rook,5,1
722,white,queen,57,1
153,white,queen,62,3
153,white,queen,56,1
153,white,queen,63,1
153,black,queen,2,1
153,black,queen,1,1
212,white,queen,58,1
212,white,queen,61,1
212,white,queen,59,1
212,white,queen,63,1
212,black,queen,0,1
212,black,queen,5,1
108,white,queen,56,1
108,white,queen,58,3
108,white,queen,61,3
108,white,queen,60,3
108,white,queen,63,2
108,white,queen,57,2
108,white,queen,62,1
108,white,queen,59,1
108,black,queen,6,2
108,black,queen,3,2
108,black,queen,0,1
108,black,queen,2,1
108,black,queen,5,1
108,black,knight,0,1
191,white,queen,56,1
191,white,queen,61,1
191,black,queen,3,1
191,black,queen,7,1
110,white,queen,59,1
110,white,queen,56,1
110,white,queen,63,2
110,white,queen,62,2
110,white,queen,61,1
110,black,queen,0,2
110,black,queen,4,1
110,black,queen,5,1
110,black,queen,6,1
110,black,queen,1,1
12,white,queen,61,6
12,white,queen,58,3
12,white,queen,60,2
12,white,queen,56,2
12,white,queen,59,1
12,white,queen,57,1
12,black,queen,3,3
12,black,queen,4,4
12,black,queen,0,1
12,black,queen,5,1
12,black,queen,1,2
12,black,rook,7,1
74,white,queen,59,1
74,white,queen,58,1
74,white,queen,56,3
74,black,queen,6,3
74,black,queen,0,3
74,black,queen,1,1
74,black,queen,5,1
74,black,queen,7,2
74,black,queen,2,1
6,white,queen,58,2
6,white,queen,56,2
6,white,queen,60,1
6,white,queen,61,1
6,white,queen,63,1
6,white,queen,59,1
6,black,queen,7,2
6,black,queen,3,2
6,black,queen,4,4
6,black,queen,1,2
6,black,queen,0,2
6,black,queen,2,1
6,black,queen,5,1
6,black,queen,6,1
180,white,queen,58,2
180,white,queen,57,1
180,black,queen,7,1
180,black,queen,5,1
180,black,queen,1,1
138,white,queen,57,1
138,white,queen,59,1
138,black,queen,5,1
138,black,queen,7,1
138,black,queen,6,1
138,black,queen,2,1
75,white,queen,61,3
75,white,queen,63,2
75,white,queen,60,1
75,white,queen,57,1
75,white,queen,56,1
75,black,queen,3,1
75,black,queen,0,4
75,black,queen,7,1
75,black,queen,5,1
75,black,queen,2,1
278,white,queen,63,3
278,white,queen,56,2
22,white,queen,57,4
22,white,queen,56,2
22,white,queen,58,1
22,white,queen,59,1
22,white,queen,61,1
22,black,queen,5,1
22,black,queen,0,1
22,black,queen,4,1
22,black,queen,7,1
22,black,rook,3,1
125,black,queen,3,1
29,white,queen,59,2
29,white,queen,56,3
29,white,queen,58,1
29,white,queen,57,1
29,white,queen,63,1
29,black,queen,5,3
29,black,queen,3,2
29,black,queen,2,2
29,black,queen,7,1
246,white,queen,57,1
246,white,queen,56,1
246,white,queen,60,1
246,white,queen,61,1
246,black,queen,7,2
246,black,queen,3,1
302,white,queen,61,2
302,white,queen,63,1
302,white,queen,59,1
302,white,queen,56,1
302,white,bishop,61,1
302,white,rook,58,1
302,black,queen,3,1
302,black,queen,1,1
315,white,queen,59,1
315,white,queen,62,1
315,black,queen,1,1
315,black,queen,4,1
80,white,queen,60,3
80,white,queen,58,2
80,white,queen,59,1
80,white,queen,56,3
80,black,queen,4,2
80,black,queen,2,2
80,black,queen,0,2
80,black,queen,6,1
80,black,queen,7,1
80,black,rook,5,1
159,white,queen,59,2
159,black,queen,0,2
159,black,queen,2,2
19,white,queen,59,1
19,white,queen,63,1
19,white,queen,61,1
19,white,queen,56,2
19,white,queen,57,1
19,black,queen,3,1
19,black,queen,0,1
19,black,queen,7,2
19,black,queen,5,2
19,black,queen,2,1
19,black,queen,1,2
201,white,queen,63,1
201,white,queen,59,1
201,white,queen,60,1
201,black,queen,5,2
201,black,queen,3,2
201,black,queen,4,1
189,white,queen,58,1
189,white,queen,63,1
189,white,queen,56,1
189,white,queen,57,1
189,black,queen,6,2
189,black,queen,1,1
189,black,queen,7,2
189,black,queen,4,1
189,black,queen,3,1
47,white,queen,59,1
47,white,queen,57,1
47,white,queen,58,1
47,white,queen,56,1
47,white,rook,58,1
47,black,queen,3,1
47,black,queen,0,1
47,black,queen,7,1
321,white,queen,61,1
321,white,queen,63,1
321,black,queen,2,1
14,white,queen,61,2
14,white,queen,63,2
14,white,queen,62,2
14,white,queen,60,1
14,white,queen,58,1
14,white,queen,56,2
14,white,rook,58,1
14,black,queen,2,5
14,black,queen,5,1
14,black,queen,3,4
14,black,queen,0,1
14,black,queen,1,1
304,white,queen,58,1
304,white,rook,56,1
304,black,queen,5,1
304,black,queen,3,1
304,black,queen,7,1
304,black,queen,0,2
304,black,queen,4,1
304,black,queen,6,1
131,white,queen,58,3
131,white,queen,57,2
131,white,queen,62,1
131,white,queen,63,2
131,white,queen,61,1
139,white,queen,61,1
139,white,queen,57,2
139,white,queen,58,1
139,white,queen,62,1
139,black,queen,0,1
139,black,queen,1,1
42,white,queen,56,1
42,white,queen,63,4
42,white,queen,57,1
42,white,queen,59,1
42,black,queen,4,2
42,black,queen,5,2
42,black,queen,2,1
42,black,queen,0,3
42,black,queen,6,2
42,black,queen,1,2
98,white,queen,61,1
98,white,queen,56,1
98,white,queen,62,1
98,white,queen,57,1
98,black,queen,0,1
98,black,queen,3,1
98,black,queen,5,1
98,black,queen,6,1
98,black,queen,1,1
232,white,queen,60,1
232,white,queen,57,1
232,white,queen,59,1
232,white,queen,56,1
851,black,queen,5,1
41,white,queen,58,1
41,white,queen,57,1
41,white,queen,59,1
41,black,queen,6,2
41,black,queen,5,1
41,black,queen,1,1
8,white,queen,62,2
8,white,queen,63,1
8,white,queen,59,2
8,white,queen,60,1
8,white,queen,57,1
8,white,rook,63,1
8,black,queen,7,2
8,black,queen,3,2
8,black,queen,4,3
8,black,queen,0,2
8,black,queen,2,2
8,black,queen,6,1
100,white,queen,57,1
100,white,queen,62,1
100,white,queen,60,1
100,white,queen,58,1
100,black,queen,0,3
100,black,queen,5,1
100,black,queen,3,1
33,white,queen,56,4
33,white,queen,59,3
33,white,queen,63,1
33,white,queen,60,1
33,white,queen,58,1
33,black,queen,6,1
33,black,queen,4,1
33,black,queen,0,3
33,black,queen,5,3
33,black,queen,3,1
33,black,queen,7,2
33,black,queen,2,1
33,black,rook,6,1
198,white,queen,56,1
198,white,queen,59,1
198,black,queen,5,2
198,black,queen,6,1
136,white,queen,58,1
136,white,queen,56,1
136,white,queen,59,1
136,white,queen,63,1
136,black,queen,5,1
136,black,queen,4,2
136,black,queen,3,1
136,black,queen,0,1
136,black,queen,1,1
594,white,queen,61,1
594,black,rook,3,1
504,white,queen,59,1
504,black,queen,1,1
504,black,queen,6,1
504,black,queen,0,1
254,white,queen,56,2
254,white,queen,60,2
254,black,queen,0,2
254,black,queen,5,1
254,black,queen,6,1
254,black,queen,1,1
254,black,queen,4,1
632,black,queen,7,1
64,white,queen,63,2
64,white,queen,56,2
64,white,queen,59,1
64,white,queen,58,1
64,white,queen,62,1
64,black,queen,7,2
64,black,queen,3,1
64,black,queen,4,1
64,black,queen,2,1
64,black,rook,7,1
93,white,queen,63,1
93,black,queen,0,1
93,black,queen,4,1
93,black,queen,1,1
93,black,queen,5,1
44,white,queen,58,3
44,white,queen,59,1
44,white,queen,56,3
44,white,queen,57,1
44,black,queen,5,2
44,black,queen,7,2
44,black,queen,3,2
44,black,queen,1,1
185,white,queen,56,1
185,white,queen,61,1
185,black,queen,0,1
76,white,queen,60,2
76,white,queen,62,2
76,white,queen,59,1
76,white,queen,63,2
76,white,queen,61,1
76,white,bishop,57,1
76,black,queen,0,1
203,white,queen,57,2
203,white,queen,58,1
203,white,queen,62,2
203,white,queen,61,1
203,white,queen,63,1
203,white,bishop,57,1
203,black,queen,2,1
203,black,queen,0,1
203,black,queen,5,1
176,white,queen,59,1
176,white,queen,56,3
176,white,bishop,63,1
176,black,queen,4,1
176,black,rook,7,1
107,white,queen,61,1
107,white,queen,62,1
107,black,queen,0,1
242,black,queen,1,1
197,white,queen,59,1
197,black,queen,6,1
197,black,queen,1,1
36,white,queen,57,3
36,white,queen,56,3
36,white,queen,61,3
36,white,queen,63,4
36,white,queen,59,2
36,white,queen,62,1
36,white,queen,58,3
36,black,queen,4,3
36,black,queen,6,5
36,black,queen,7,5
36,black,queen,1,2
36,black,queen,0,2
36,black,queen,3,2
36,black,queen,2,1
36,black,knight,7,1
137,white,queen,58,2
137,white,queen,61,1
137,white,queen,57,2
137,white,queen,60,2
137,white,queen,59,1
137,white,queen,63,1
137,white,queen,56,1
137,black,queen,2,2
137,black,queen,0,1
62,white,queen,57,1
62,white,queen,59,1
62,white,queen,62,1
62,white,queen,60,1
62,white,queen,63,1
62,black,queen,7,1
62,black,queen,2,1
62,black,queen,5,2
62,black,queen,4,2
62,black,queen,1,1
62,black,queen,0,1
62,black,queen,6,1
154,white,queen,62,1
154,white,queen,58,2
154,white,queen,63,1
154,white,queen,57,1
154,white,queen,61,1
154,black,queen,0,1
154,black,queen,4,1
154,black,queen,3,2
70,white,queen,63,2
70,white,queen,62,1
70,white,queen,57,1
70,white,queen,59,1
70,white,queen,56,2
70,black,queen,5,4
70,black,queen,7,2
70,black,queen,6,1
70,black,queen,4,1
70,black,queen,3,1
217,white,queen,57,2
217,white,queen,62,1
217,white,queen,56,2
217,white,queen,59,1
217,white,rook,61,1
217,black,rook,6,2
217,black,queen,4,1
217,black,queen,0,1
217,black,queen,2,1
217,black,queen,6,1
271,white,queen,62,1
271,white,queen,59,1
271,white,queen,63,1
271,black,queen,0,1
271,black,queen,1,1
271,black,queen,7,1
271,black,queen,5,1
53,white,queen,57,2
53,white,queen,63,1
53,white,queen,56,1
53,white,queen,58,2
53,white,queen,61,1
53,white,queen,62,1
53,white,knight,63,1
53,black,queen,6,3
53,black,queen,4,1
53,black,queen,2,1
68,white,queen,62,3
68,white,queen,57,1
68,white,queen,56,2
68,black,queen,0,1
68,black,queen,2,1
175,white,queen,56,2
175,white,queen,59,1
175,white,queen,60,2
175,white,queen,61,1
175,white,queen,58,1
175,black,queen,5,1
175,black,queen,0,1
135,white,queen,62,1
135,white,queen,63,1
135,white,queen,56,1
135,white,queen,59,1
135,white,queen,58,1
135,white,queen,61,1
135,black,queen,1,2
135,black,queen,3,1
135,black,queen,4,2
135,black,queen,2,1
135,black,queen,0,1
135,black,queen,7,1
135,black,bishop,2,1
462,white,queen,61,1
462,black,queen,1,1
104,white,queen,60,2
104,white,queen,57,1
104,white,queen,62,1
104,white,queen,63,2
104,white,queen,61,1
104,white,queen,59,1
104,white,queen,58,1
104,black,queen,1,2
104,black,queen,0,1
9,white,queen,57,2
9,white,queen,62,2
9,white,queen,63,1
9,white,queen,58,1
9,white,queen,60,1
9,black,queen,2,1
9,black,queen,3,1
9,black,queen,6,2
9,black,queen,1,2
9,black,queen,0,1
9,black,queen,4,1
40,white,queen,59,1
40,white,queen,62,4
40,white,queen,63,2
40,white,queen,56,2
40,white,rook,56,1
391,white,queen,63,1
391,white,queen,62,1
77,white,queen,58,3
77,white,queen,60,2
77,white,queen,63,1
77,white,queen,61,1
77,white,queen,62,1
77,white,queen,57,1
77,black,queen,6,1
77,black,queen,2,1
77,black,queen,1,1
179,white,queen,57,1
179,white,queen,60,1
179,white,queen,63,1
179,white,queen,56,1
179,black,queen,4,1
179,black,queen,6,1
179,black,queen,0,1
179,black,queen,2,1
179,black,queen,1,2
471,white,queen,59,1
626,black,rook,4,1
119,white,queen,62,2
119,white,queen,61,1
119,white,queen,57,1
119,white,queen,60,1
119,black,queen,2,4
119,black,queen,0,1
119,black,queen,7,1
838,black,queen,3,1
890,black,queen,0,1
890,black,queen,3,1
622,white,queen,59,1
658,black,queen,3,1
718,white,queen,57,1
935,black,queen,5,1
370,white,rook,59,1
370,white,queen,57,1
370,white,queen,60,2
370,black,queen,4,1
370,black,queen,3,1
370,black,queen,7,1
186,white,queen,57,1
186,white,queen,63,1
186,white,queen,59,3
186,white,rook,57,1
186,black,queen,2,1
186,black,queen,1,1
144,white,queen,57,1
144,white,queen,58,1
144,black,queen,1,2
144,black,queen,4,1
144,black,queen,5,2
144,black,rook,0,1
95,white,queen,61,3
95,white,queen,56,3
95,white,queen,62,2
95,white,queen,63,1
95,white,queen,58,1
95,white,queen,57,1
95,black,queen,4,1
95,black,queen,7,2
95,black,queen,2,1
95,black,queen,3,1
95,black,queen,6,1
349,white,queen,60,1
349,black,queen,7,1
143,white,queen,58,1
143,white,queen,57,1
143,white,queen,59,2
143,white,queen,60,1
143,black,queen,0,1
143,black,queen,6,1
143,black,queen,5,1
830,white,queen,61,1
208,white,queen,56,2
208,white,queen,59,1
208,white,queen,57,1
208,white,knight,61,1
208,black,queen,4,2
208,black,queen,6,1
208,black,queen,0,1
208,black,queen,1,1
486,white,queen,62,1
486,black,queen,1,1
486,black,queen,7,1
45,white,queen,63,2
45,white,queen,61,1
45,white,queen,62,1
45,black,queen,2,3
45,black,queen,4,1
45,black,queen,0,2
45,black,queen,6,1
220,white,queen,60,1
220,white,queen,56,1
220,white,queen,59,2
220,white,bishop,61,1
220,black,queen,0,1
220,black,queen,1,1
220,black,queen,6,1
133,white,queen,63,1
133,white,queen,59,2
133,white,queen,56,2
133,white,queen,60,1
1049,black,queen,2,2
1049,black,rook,5,2
102,white,queen,63,3
102,white,queen,57,1
102,white,queen,59,1
102,black,queen,0,1
102,black,knight,2,1
57,white,queen,61,1
57,white,queen,60,4
57,white,queen,57,1
57,white,queen,62,1
57,white,queen,58,2
57,white,queen,56,3
57,white,knight,61,1
57,white,rook,59,1
57,black,queen,7,3
57,black,queen,3,1
57,black,queen,0,2
57,black,queen,6,3
4,white,queen,63,2
4,white,queen,57,2
4,white,queen,56,1
4,white,queen,61,1
4,white,queen,62,2
4,white,queen,59,1
4,black,queen,4,2
4,black,queen,1,2
4,black,queen,6,1
4,black,queen,5,1
4,black,rook,4,1
188,white,queen,63,1
188,white,queen,56,2
188,white,queen,62,1
188,white,queen,61,1
188,black,queen,0,1
188,black,queen,1,2
188,black,queen,6,1
188,black,queen,5,1
801,white,queen,61,1
35,white,queen,63,2
35,white,queen,57,1
35,white,queen,62,1
35,white,queen,56,1
35,black,queen,0,5
35,black,queen,6,3
35,black,queen,7,1
35,black,queen,2,2
112,white,queen,56,2
112,white,queen,57,2
112,white,queen,59,1
112,black,queen,7,1
112,black,queen,0,1
82,white,queen,59,1
82,white,queen,60,1
82,white,queen,62,2
82,white,queen,61,1
82,white,queen,57,2
82,white,queen,56,2
82,white,queen,58,2
82,black,queen,1,4
82,black,queen,6,1
82,black,queen,0,4
82,black,rook,3,1
421,white,queen,62,1
421,black,queen,5,1
218,white,rook,56,1
218,white,queen,62,1
218,white,knight,59,1
218,black,queen,7,2
218,black,queen,1,1
218,black,queen,6,1
359,black,queen,4,1
83,white,queen,63,1
83,white,queen,58,1
83,white,queen,62,1
83,white,queen,59,1
83,black,queen,2,1
83,black,queen,4,1
83,black,queen,1,2
299,white,queen,57,3
299,white,queen,58,1
299,white,queen,63,1
299,white,queen,61,1
299,black,queen,7,1
299,black,queen,3,1
114,white,queen,56,2
114,white,queen,61,1
114,white,queen,57,3
114,white,queen,62,2
114,black,queen,5,1
116,white,queen,62,1
116,white,queen,63,1
116,white,queen,56,1
116,white,queen,57,1
116,white,queen,61,1
116,black,queen,0,3
116,black,queen,7,1
210,black,queen,1,1
210,black,queen,5,1
210,black,queen,2,1
460,white,queen,60,1
460,black,queen,5,1
311,white,queen,59,1
311,white,queen,58,1
311,black,queen,0,1
311,black,queen,4,1
561,black,queen,7,1
320,white,bishop,56,1
320,white,queen,60,2
320,white,queen,58,1
320,white,queen,63,1
320,white,queen,59,1
320,black,queen,1,1
148,white,queen,58,1
148,white,queen,63,1
148,white,queen,56,1
148,black,queen,4,1
148,black,queen,0,3
194,white,queen,57,1
194,white,queen,56,1
194,black,queen,3,1
52,white,queen,59,2
52,white,queen,60,1
52,white,queen,62,2
52,white,queen,58,1
52,white,queen,63,3
52,white,queen,56,1
52,black,queen,7,1
52,black,queen,3,2
52,black,queen,1,2
52,black,queen,2,1
52,black,queen,4,1
221,white,queen,58,1
221,white,queen,60,1
221,white,queen,63,1
362,white,queen,59,1
362,white,queen,57,1
362,black,queen,1,1
362,black,queen,6,1
239,white,queen,63,2
239,white,queen,62,1
239,black,queen,4,1
336,white,queen,59,1
336,white,queen,60,1
336,black,queen,7,1
336,black,queen,6,1
286,white,rook,63,1
286,white,queen,57,1
286,white,queen,61,1
286,white,queen,58,1
286,white,queen,56,1
286,black,queen,2,2
286,black,queen,0,1
591,white,queen,56,1
617,white,queen,56,1
617,black,queen,3,1
617,black,queen,1,1
617,black,queen,6,1
617,black,queen,7,1
228,white,queen,60,1
228,white,queen,59,1
228,white,queen,58,1
228,white,queen,56,1
228,black,queen,3,1
228,black,queen,1,1
228,black,queen,0,2
228,black,queen,5,1
147,white,queen,63,1
147,white,queen,61,1
147,white,queen,57,1
147,black,knight,7,1
147,black,queen,7,2
147,black,queen,5,2
147,black,queen,1,1
147,black,queen,0,2
417,white,queen,60,1
417,white,queen,63,1
417,white,queen,57,1
417,white,queen,61,1
406,white,queen,61,2
406,black,queen,2,1
235,white,queen,58,2
235,white,queen,61,1
235,white,queen,63,1
235,white,rook,57,1
235,black,queen,3,1
145,white,queen,63,2
145,white,queen,56,3
145,black,queen,1,1
145,black,queen,6,1
405,white,queen,60,1
405,black,queen,2,1
151,white,queen,57,1
151,white,queen,56,2
151,white,queen,58,1
151,white,queen,63,1
151,black,queen,0,1
151,black,queen,2,1
204,white,queen,59,1
204,white,queen,63,2
204,white,queen,56,1
204,black,queen,6,1
204,black,queen,7,1
204,black,queen,3,1
356,white,queen,57,1
266,white,queen,63,1
266,white,queen,56,1
266,white,queen,61,1
266,black,queen,6,1
266,black,queen,0,1
266,black,queen,1,1
245,white,queen,58,1
245,white,queen,62,1
245,white,queen,61,1
326,black,queen,5,1
326,black,queen,1,1
152,white,queen,58,1
152,white,queen,63,2
152,white,queen,56,1
152,white,queen,60,2
152,white,queen,62,1
152,black,queen,3,1
152,black,queen,0,2
152,black,queen,7,1
152,black,queen,5,1
152,black,queen,6,1
152,black,queen,2,1
430,white,queen,59,2
430,white,queen,56,1
430,white,queen,60,1
182,white,queen,56,1
182,white,queen,60,1
182,white,queen,57,1
182,black,queen,3,1
255,black,rook,3,1
18,white,queen,58,2
18,white,queen,56,1
18,white,queen,60,1
18,white,queen,61,2
18,white,queen,63,1
18,white,queen,57,1
18,black,queen,4,1
18,black,queen,1,1
18,black,queen,0,2
18,black,queen,5,2
18,black,queen,7,1
536,white,queen,60,1
536,white,queen,61,1
111,white,queen,56,4
111,white,queen,59,1
111,white,queen,60,1
111,black,queen,3,1
111,black,queen,2,1
111,black,queen,5,1
111,black,queen,1,1
397,white,queen,56,1
397,white,queen,62,1
397,black,queen,5,1
181,black,queen,0,1
181,black,queen,1,1
202,white,queen,58,2
202,white,queen,61,1
202,black,queen,7,1
202,black,queen,0,3
202,black,queen,3,1
202,black,queen,2,1
158,white,queen,56,2
158,white,queen,63,1
158,white,queen,59,1
158,white,knight,62,1
158,black,queen,4,1
158,black,queen,0,1
158,black,queen,1,1
84,white,queen,58,3
84,white,queen,60,1
84,white,queen,59,2
84,black,queen,0,1
84,black,queen,5,1
84,black,queen,2,1
84,black,queen,7,1
84,black,queen,3,1
84,black,queen,1,1
81,white,queen,56,1
81,white,queen,62,2
81,white,queen,63,2
81,black,queen,3,1
81,black,queen,4,2
81,black,queen,7,2
81,black,queen,0,1
79,white,queen,61,1
79,white,queen,58,1
79,white,queen,56,1
79,black,queen,6,2
79,black,queen,7,1
79,black,queen,5,1
79,black,queen,0,1
79,black,queen,3,1
43,white,queen,59,2
43,white,queen,61,1
43,white,queen,60,1
43,white,queen,58,2
43,white,queen,62,2
43,black,queen,6,2
43,black,queen,4,1
43,black,queen,7,2
43,black,queen,5,2
43,black,queen,3,1
43,black,queen,1,1
43,black,queen,2,1
59,white,queen,61,2
59,white,queen,59,1
59,white,queen,58,1
59,white,queen,56,1
59,white,queen,57,1
59,black,queen,4,1
59,black,queen,6,1
59,black,queen,3,1
59,black,queen,7,1
59,black,queen,0,1
59,black,queen,2,1
540,white,queen,57,1
540,white,queen,58,1
268,white,queen,59,1
268,white,queen,57,1
268,white,queen,61,1
268,black,queen,3,1
86,white,queen,58,2
86,white,queen,56,2
86,white,queen,57,1
86,white,queen,60,1
86,white,queen,63,1
86,black,queen,2,1
86,black,queen,1,1
150,white,queen,61,1
150,black,queen,1,1
150,black,queen,4,1
150,black,queen,6,2
150,black,queen,5,1
150,black,queen,3,1
150,black,queen,2,1
386,white,queen,59,1
386,white,queen,62,1
513,white,queen,56,1
513,black,queen,0,1
366,white,queen,63,2
366,white,queen,61,2
366,black,queen,3,3
366,black,queen,7,2
229,white,queen,56,1
229,black,queen,2,3
229,black,queen,6,1
229,black,queen,1,1
229,black,queen,4,1
229,black,queen,0,1
1001,white,queen,56,1
124,white,queen,59,1
124,white,queen,58,2
124,white,rook,58,1
124,black,queen,1,2
124,black,queen,3,1
124,black,queen,0,1
410,white,queen,61,1
410,white,queen,60,1
279,white,queen,62,1
279,white,queen,56,1
279,black,queen,6,1
279,black,queen,3,1
279,black,queen,4,1
519,black,queen,4,1
134,white,queen,57,1
134,white,queen,56,1
134,white,queen,63,1
134,black,queen,2,3
134,black,queen,5,1
134,black,queen,3,2
269,white,queen,56,1
269,white,queen,59,1
269,white,queen,58,1
269,black,queen,1,1
269,black,queen,6,1
269,black,queen,4,1
269,black,queen,2,1
498,black,queen,0,1
177,white,knight,60,1
177,white,queen,60,1
177,white,queen,59,1
177,black,queen,1,2
177,black,queen,4,1
260,white,queen,59,1
260,white,queen,60,2
260,black,queen,1,1
257,white,knight,56,1
257,white,queen,62,1
257,white,queen,59,1
257,white,queen,56,2
115,white,queen,58,2
115,white,queen,62,1
115,white,queen,63,1
115,black,queen,7,2
115,black,queen,5,1
213,white,queen,61,1
213,black,queen,2,2
213,black,queen,3,1
213,black,queen,0,1
213,black,queen,7,1
28,white,queen,63,2
28,white,queen,61,2
28,white,queen,56,2
28,white,queen,57,1
28,white,queen,62,1
28,black,queen,5,1
28,black,queen,6,1
28,black,queen,3,1
28,black,queen,0,2
28,black,queen,2,2
28,black,knight,5,1
814,black,queen,0,1
350,white,rook,57,1
350,black,queen,6,1
350,black,queen,0,1
350,black,queen,2,1
560,white,queen,60,1
560,black,queen,6,1
431,white,rook,58,1
431,black,queen,1,1
262,white,queen,59,1
262,black,queen,5,1
17,white,queen,58,5
17,white,queen,59,2
17,white,queen,56,1
17,white,queen,61,2
17,black,queen,7,2
17,black,queen,4,2
17,black,queen,5,1
17,black,queen,2,1
17,black,rook,3,1
17,black,rook,4,1
58,white,queen,56,1
58,black,queen,2,1
58,black,queen,6,2
58,black,queen,5,1
87,white,queen,56,1
87,white,queen,58,1
87,white,queen,61,1
87,white,queen,62,2
87,white,queen,59,2
87,black,queen,0,2
87,black,queen,5,2
87,black,queen,7,2
87,black,queen,4,2
71,white,queen,62,2
71,white,queen,56,4
71,white,queen,61,1
71,white,queen,58,1
71,white,queen,59,1
71,white,queen,60,1
71,white,queen,57,1
71,black,queen,3,2
71,black,queen,0,1
71,black,queen,1,1
71,black,queen,5,1
230,white,queen,60,1
289,black,queen,4,2
289,black,queen,7,1
289,black,queen,0,1
85,white,queen,56,2
85,white,queen,61,1
85,white,queen,59,1
85,white,queen,57,1
85,black,queen,7,2
85,black,queen,5,1
85,black,queen,0,1
465,white,queen,63,1
333,black,rook,7,1
333,black,queen,0,1
409,white,queen,63,1
390,white,queen,59,1
390,white,queen,62,1
390,white,queen,56,1
330,white,queen,58,1
330,white,queen,59,1
330,white,queen,57,2
330,black,queen,5,1
330,black,queen,0,1
128,white,queen,58,2
128,white,queen,56,2
128,white,queen,57,1
128,white,queen,60,1
128,black,queen,7,1
128,black,queen,1,2
128,black,queen,3,1
128,black,queen,0,1
248,white,queen,56,1
248,white,queen,62,1
545,black,queen,5,1
327,white,queen,56,1
327,white,queen,63,1
327,black,queen,3,2
327,black,queen,6,1
327,black,queen,7,1
327,black,queen,0,1
372,white,queen,59,1
372,white,queen,56,1
372,white,queen,57,1
372,black,queen,4,1
448,white,queen,57,1
564,white,queen,58,1
126,white,queen,58,1
126,black,queen,0,1
945,white,queen,58,1
467,black,queen,7,1
441,black,rook,0,1
264,white,queen,56,1
264,white,queen,61,1
264,black,queen,2,1
264,black,queen,7,1
459,black,queen,1,1
400,white,queen,60,1
400,black,queen,2,1
400,black,queen,6,1
344,white,queen,56,1
374,white,queen,56,1
374,black,queen,1,1
168,black,queen,7,2
168,black,rook,4,1
319,white,queen,62,1
319,black,queen,7,1
118,white,queen,59,1
118,black,queen,0,3
118,black,queen,2,1
118,black,queen,7,1
118,black,rook,6,1
378,black,queen,6,1
89,white,queen,57,1
89,white,queen,62,1
89,white,queen,63,3
89,white,queen,58,2
89,white,queen,56,3
89,white,queen,61,2
89,white,rook,60,1
89,black,queen,0,1
89,black,queen,5,2
89,black,queen,7,1
89,black,queen,6,1
89,black,queen,1,1
63,white,queen,62,1
63,white,queen,57,2
63,white,queen,59,2
63,white,queen,56,1
63,black,queen,0,1
63,black,queen,3,1
63,black,queen,7,1
63,black,queen,5,1
63,black,queen,2,2
373,white,rook,62,1
373,black,queen,7,1
196,white,queen,63,1
196,black,queen,7,1
196,black,queen,3,1
238,white,queen,61,2
238,white,queen,56,1
238,white,queen,58,1
238,white,queen,59,1
238,white,queen,62,1
238,black,queen,5,1
238,black,queen,0,2
274,white,queen,57,2
274,white,queen,58,2
274,white,queen,60,1
274,black,queen,0,2
224,white,queen,56,1
224,white,queen,63,1
224,white,queen,59,1
224,white,queen,62,1
224,white,queen,61,1
224,black,queen,7,1
231,white,queen,58,1
231,white,queen,63,1
231,white,queen,61,1
231,black,queen,4,1
113,white,queen,61,1
113,white,queen,56,2
113,black,queen,5,2
113,black,queen,0,1
163,white,queen,59,1
163,black,queen,7,1
163,black,queen,1,1
163,black,queen,0,1
195,white,rook,58,1
195,white,queen,58,1
195,white,queen,56,1
195,black,queen,2,1
195,black,queen,0,1
195,black,queen,1,1
977,white,queen,57,2
341,white,queen,59,1
341,black,queen,2,1
97,black,queen,0,2
97,black,queen,1,2
97,black,queen,6,2
339,white,queen,59,2
339,black,queen,7,2
339,black,queen,2,1
339,black,queen,1,1
88,white,queen,61,1
88,white,queen,59,1
88,white,queen,57,1
88,white,queen,56,1
88,white,queen,60,1
88,white,rook,61,1
88,black,queen,0,2
88,black,queen,1,1
88,black,queen,2,1
88,black,queen,7,2
156,white,queen,56,2
156,white,queen,58,1
156,black,queen,1,1
419,white,queen,63,1
419,white,queen,57,1
419,black,queen,1,1
419,black,queen,3,1
419,black,rook,1,1
106,white,queen,58,1
106,white,queen,56,1
106,white,queen,59,1
106,white,queen,60,1
106,white,queen,61,1
106,white,queen,62,1
106,black,queen,1,1
106,black,queen,3,1
106,black,queen,0,1
106,black,queen,5,1
106,black,queen,7,1
106,black,rook,2,1
420,black,queen,3,1
479,white,queen,56,1
324,black,queen,4,1
324,black,queen,5,1
303,white,queen,63,1
303,white,queen,60,2
621,black,rook,3,1
96,white,queen,56,3
96,white,queen,59,1
96,black,queen,2,1
96,black,queen,0,1
96,black,queen,4,1
96,black,queen,5,1
253,white,queen,56,1
253,white,queen,57,1
253,black,queen,6,1
253,black,rook,2,1
253,black,rook,5,1
253,black,bishop,7,1
548,black,queen,4,1
162,white,queen,61,1
162,white,queen,57,1
162,black,queen,6,1
162,black,queen,1,1
162,black,queen,2,1
265,black,queen,1,3
265,black,queen,0,1
343,white,queen,59,1
343,white,queen,56,1
343,white,queen,57,1
343,black,queen,7,2
343,black,queen,3,1
187,white,queen,57,1
187,white,queen,58,1
187,white,queen,62,1
523,white,queen,57,1
518,white,queen,61,1
249,black,queen,0,1
401,black,queen,2,1
169,white,queen,59,1
169,white,queen,61,1
169,white,queen,58,1
169,black,queen,4,1
169,black,queen,2,1
281,white,queen,59,2
281,white,queen,57,1
281,white,queen,56,1
281,white,knight,57,1
281,black,queen,6,1
281,black,queen,0,1
109,white,queen,59,2
109,white,queen,56,1
109,white,queen,57,1
109,white,queen,60,1
109,black,queen,6,1
109,black,queen,3,1
190,white,queen,59,1
190,black,queen,3,2
190,black,queen,1,1
190,black,queen,4,2
190,black,bishop,1,1
120,white,queen,57,1
120,white,queen,58,1
120,white,queen,62,1
38,white,queen,60,1
38,white,queen,56,2
38,white,queen,58,1
38,white,queen,59,1
38,black,queen,7,1
38,black,queen,2,1
38,black,queen,5,1
38,black,queen,0,2
38,black,queen,6,1
38,black,queen,1,1
38,black,queen,3,1
121,white,queen,60,1
121,white,queen,57,1
121,white,queen,56,1
121,black,queen,7,2
121,black,queen,1,2
193,white,queen,57,3
193,white,queen,62,2
193,white,queen,58,1
193,white,queen,61,1
193,black,queen,7,2
193,black,queen,6,1
282,white,queen,58,1
282,black,queen,4,1
164,black,rook,1,1
164,black,queen,7,2
283,white,queen,56,1
283,black,queen,3,1
283,black,queen,5,1
325,white,queen,61,1
325,white,queen,59,1
325,black,bishop,2,2
521,black,queen,3,1
357,black,queen,1,2
272,white,queen,57,1
272,white,queen,63,1
272,black,queen,6,2
173,white,queen,56,1
173,white,queen,63,1
173,white,queen,62,1
173,white,queen,59,1
127,white,queen,63,1
127,white,queen,62,1
127,black,queen,7,1
127,black,queen,1,1
127,black,queen,4,2
127,black,queen,3,1
127,black,queen,2,1
292,white,queen,63,1
292,white,queen,58,1
292,black,queen,2,1
292,black,queen,1,1
292,black,queen,6,1
538,black,queen,2,1
538,black,queen,0,1
355,white,queen,57,1
355,white,queen,58,1
273,white,queen,61,1
209,black,queen,1,2
209,black,queen,0,1
209,black,queen,2,1
686,black,bishop,0,1
686,black,queen,1,1
499,white,queen,56,2
499,white,queen,59,2
499,black,queen,0,1
499,black,queen,6,1
323,white,queen,56,2
323,white,queen,62,1
323,black,queen,7,3
310,black,queen,5,1
310,black,queen,2,1
310,black,queen,1,1
911,black,queen,3,1
726,black,rook,7,1
906,white,queen,59,1
906,white,queen,61,1
906,black,queen,4,1
424,black,queen,1,1
301,white,queen,56,1
301,white,queen,60,1
301,white,queen,62,1
301,white,queen,61,1
301,black,queen,2,1
216,black,queen,7,1
216,black,queen,6,1
767,black,knight,5,1
555,black,queen,1,1
170,white,queen,59,1
170,white,queen,61,1
170,white,queen,56,1
60,white,queen,57,1
60,white,queen,56,1
60,white,queen,59,1
60,black,queen,1,3
60,black,queen,4,1
60,black,queen,2,1
60,black,queen,6,2
60,black,queen,3,1
688,black,queen,0,1
199,white,queen,60,1
199,white,queen,58,1
199,white,queen,63,2
199,white,queen,62,1
251,black,queen,1,1
251,black,queen,2,1
422,white,queen,62,1
422,black,queen,5,1
331,white,queen,58,1
331,black,queen,5,1
331,black,queen,6,1
365,white,queen,62,1
365,white,queen,56,1
365,white,queen,57,1
438,white,queen,60,1
466,white,queen,63,1
505,black,queen,0,1
353,white,queen,56,1
353,white,queen,60,1
353,white,queen,63,1
338,black,queen,1,1
338,black,queen,4,1
250,white,queen,63,1
250,black,queen,5,1
345,black,queen,6,2
345,black,queen,0,1
215,white,queen,60,1
215,black,queen,6,1
215,black,queen,7,1
223,white,queen,58,1
223,white,queen,62,3
223,white,queen,61,1
223,white,queen,60,2
223,white,queen,63,1
223,white,queen,56,1
223,white,queen,57,1
223,black,queen,7,2
223,black,queen,3,1
223,black,queen,2,1
223,black,queen,5,1
223,black,queen,1,2
223,black,queen,0,2
334,white,queen,60,1
165,white,queen,56,2
165,white,queen,63,1
165,white,queen,57,1
165,white,queen,62,1
165,black,queen,0,1
165,black,queen,2,1
437,white,queen,56,1
408,white,queen,61,1
408,white,queen,58,1
581,white,queen,60,1
581,white,queen,63,1
581,black,queen,1,1
581,black,queen,3,1
123,white,queen,59,1
123,white,queen,60,1
123,white,queen,57,1
699,black,queen,7,1
171,white,queen,62,1
171,black,queen,4,1
664,black,queen,3,1
664,black,queen,0,1
55,white,queen,57,1
55,white,queen,58,2
55,white,queen,59,2
55,white,queen,62,2
55,white,queen,61,1
55,black,queen,2,1
55,black,queen,6,1
55,black,queen,4,1
55,black,queen,1,1
55,black,queen,3,1
55,black,queen,0,1
55,black,queen,7,1
411,white,queen,56,2
411,white,queen,63,1
380,white,rook,58,1
380,white,rook,60,1
380,white,queen,60,1
380,white,queen,57,1
380,black,queen,0,1
297,black,queen,1,1
297,black,queen,3,1
314,white,queen,59,1
389,white,queen,61,1
389,black,queen,1,1
375,white,queen,56,1
375,black,queen,5,2
375,black,queen,2,1
329,white,queen,61,1
329,black,queen,7,1
329,black,queen,4,1
329,black,queen,0,1
329,black,queen,1,1
547,white,queen,59,1
547,black,queen,6,1
352,black,queen,6,1
352,black,queen,2,1
384,white,queen,56,1
384,black,bishop,1,1
627,black,queen,1,1
300,black,queen,1,1
432,white,knight,59,1
432,black,queen,6,1
432,black,queen,1,1
636,white,queen,61,1
509,white,queen,62,1
583,black,queen,2,1
132,white,queen,60,1
132,white,queen,61,1
132,black,queen,6,1
103,white,queen,56,1
103,white,queen,57,2
103,white,queen,61,1
103,white,knight,63,1
103,black,queen,2,1
285,white,queen,58,1
285,white,knight,61,1
285,black,queen,4,1
285,black,queen,0,1
716,white,queen,58,1
358,white,queen,58,1
428,white,queen,61,1
428,black,queen,1,1
634,black,queen,0,1
291,black,queen,5,1
472,white,queen,59,1
174,white,queen,61,1
174,white,queen,58,1
174,white,queen,57,1
328,white,queen,57,1
328,black,queen,4,1
328,black,queen,5,1
805,black,queen,6,1
332,white,queen,56,1
507,white,queen,61,1
820,white,queen,57,1
497,black,queen,3,1
122,white,queen,62,1
122,black,queen,3,1
122,black,queen,0,1
122,black,queen,2,1
122,black,queen,4,1
377,black,queen,0,1
214,white,queen,59,1
214,black,queen,7,1
280,white,queen,56,2
280,white,queen,60,1
261,white,knight,59,1
261,white,queen,56,1
261,white,queen,59,1
141,white,queen,61,1
141,black,queen,2,1
535,black,queen,7,2
535,black,queen,0,1
298,white,queen,60,1
298,white,queen,57,1
298,black,queen,4,1
815,white,queen,61,1
342,black,queen,1,1
342,black,queen,6,1
381,black,queen,3,1
360,black,queen,2,1
294,white,queen,58,1
418,white,queen,59,1
463,white,rook,61,1
258,black,queen,0,1
258,black,queen,2,1
258,black,queen,5,1
258,black,queen,6,1
183,white,queen,59,1
183,white,queen,57,1
183,black,queen,3,1
192,white,queen,58,2
476,white,queen,56,2
476,white,queen,59,2
803,black,queen,5,1
661,black,queen,5,1
452,white,queen,60,1
452,black,queen,0,1
449,white,queen,63,1
306,black,queen,7,1
481,white,queen,60,1
649,white,queen,56,1
577,black,queen,0,1
573,white,queen,57,1
393,white,queen,56,1
393,black,knight,4,1
399,white,queen,58,1
167,white,queen,56,1
167,black,queen,5,1
167,black,queen,1,1
167,black,queen,2,1
167,black,queen,0,2
369,white,queen,61,1
369,white,queen,58,1
369,black,queen,7,1
392,white,queen,56,1
392,black,queen,2,1
458,white,queen,56,1
458,black,queen,3,1
395,white,queen,60,2
985,white,queen,58,1
666,white,queen,59,1
528,white,queen,56,1
528,white,queen,62,1
237,black,queen,2,1
237,black,queen,7,1
237,black,queen,1,1
160,white,queen,56,1
160,white,queen,61,1
160,black,queen,0,1
317,white,queen,56,1
313,white,queen,56,1
312,black,queen,7,1
312,black,queen,6,1
312,black,queen,2,1
227,white,queen,56,1
227,white,queen,58,1
227,black,queen,6,1
483,black,queen,3,1
619,white,queen,57,1
864,black,queen,1,1
611,white,queen,63,1
611,black,queen,5,1
244,white,queen,63,1
244,black,queen,4,1
244,black,queen,3,1
244,black,queen,6,1
244,black,bishop,0,1
663,black,queen,7,1
605,black,queen,4,1
233,white,queen,56,1
233,white,queen,60,1
233,black,queen,5,1
490,white,knight,56,1
490,white,knight,59,1
508,white,queen,59,1
487,white,queen,63,1
487,black,queen,2,1
371,white,queen,58,1
371,black,queen,1,1
371,black,queen,7,1
371,black,queen,2,1
295,black,queen,0,1
295,black,bishop,7,1
346,white,queen,63,1
346,black,queen,1,1
346,black,queen,0,1
387,white,queen,61,1
287,white,queen,61,1
287,black,queen,3,1
287,black,queen,4,1
451,white,queen,60,1
416,white,queen,58,1
642,black,rook,0,1
439,white,queen,61,1
439,white,queen,62,1
439,white,queen,63,1
439,black,queen,5,1
477,white,queen,60,1
464,white,queen,62,1
464,black,queen,3,1
382,white,queen,57,1
382,black,queen,0,1
446,black,queen,3,1
290,white,queen,56,1
493,white,queen,59,1
385,white,queen,56,1
348,white,queen,60,1
631,white,queen,58,1
631,black,queen,7,1
631,black,queen,6,1
226,white,queen,58,1
226,black,queen,0,1
226,black,queen,7,1
284,white,queen,58,1
284,white,queen,59,1
415,black,queen,2,1
236,white,queen,59,1
236,black,queen,2,1
529,black,queen,7,1
529,black,queen,1,1
211,white,queen,56,1
211,black,queen,6,1
480,black,queen,3,1
403,black,queen,2,1
403,black,queen,7,1
412,white,queen,59,1
412,white,queen,58,1
90,white,queen,56,1
90,black,queen,2,1
296,black,queen,5,1
440,white,queen,62,1
240,white,queen,56,1
568,black,queen,0,1
574,white,queen,58,1
656,black,queen,5,1
396,white,queen,59,1
396,black,queen,3,1
620,black,queen,4,1
553,white,queen,63,1
461,white,queen,61,1
